1,29269EA3-A8EB-13D0-CC35-9F7D5F909596,1
2,935EF1C3-6EB4-365C-104E-4A9AC83BCD21,2
3,7BA5482C-53B1-00A6-8B49-02F2FDEF8D05,3
4,5A490155-1ED1-67EA-0020-09A80673731F,4
5,8AE013DB-4CD8-F2D3-387C-8A103C60743F,5
6,329DCA1C-1A7B-28A4-2EA3-0B7636C61B21,6
7,51D0E47C-1D74-E126-43DE-9AC58E0EFA89,7
8,45933C40-C4A0-A959-D2E7-ADB5595A9C42,8
9,07376748-03FC-C73A-3E96-35B357D72868,9
10,3E6A460E-BD13-9AD4-F423-718E5BFE3A6C,10
11,33E73095-AD23-A23C-BC4A-36EB85A9C109,&#201;ntekhno
12,2B1F5230-3C71-855F-3CE6-A467BB8352FE,80s British Soul
13,A691B58C-A284-5362-3967-E13637840B11,90s British Soul
14,BC9D3149-8605-397B-8DC2-AF3AD759FEB3,African American Folk
15,45A7C0CB-3FA7-EF82-E4BC-38AD194BB158,Afro-Brazilian
16,EED0938D-43A9-0F8B-9EE3-D34530C625FD,Afro-Cuban
17,6BBF243F-C445-B687-FFE0-4AAB2E35664A,Afro-Cuban Jazz
18,5D84A1BE-7CDF-015D-B193-A408854DCAE6,Agung
19,6035502F-BE62-1DDB-E06E-F568158BEE47,Aleatoric
20,1DA7306B-F711-1D95-C6CF-B794AAE62261,"Alternative country (Insurgent Country, Americana)"
21,3540B87C-0039-6853-4E42-D74C3F1C0487,Alternative Dance
22,805E58DB-9C71-819C-378B-87D718F06FB4,Alternative Metal
23,3A53CE1D-159F-8115-B799-2ADD11A2A4F8,Alternative Polka
24,8C8CED70-51BC-82C5-B9ED-BF968EF4BFB1,Alternative Rock
25,6A028BF7-AFBF-1C47-90F1-724D3DFC1F45,Ambasse bey
26,D3B29F55-9160-526D-DE05-22C762065C6E,Ambient
27,DD6E3693-6146-AEE2-7601-9123C1DB2A12,Ambient House
28,AAF41D5B-5033-4099-B7CB-76F2AC69D9AC,Ambient noise
29,BF9CCA67-486C-A7D2-D131-98D31DF6541C,Ambient pop
30,C2A18C44-3518-351A-23AD-5FE3C70A7FB2,Ambient Techno
31,602F23D3-3340-6F68-2A57-5063A07ED59A,American Folk
32,7BF47FF4-3A86-D1EE-E997-A947D2136F39,Anarcho-punk
33,85D71099-62BE-BE6C-8293-429E665D1BFA,Ancient Greek
34,83B173AD-C936-A89A-8826-0A86F5B69CC1,Ancient Tamil music
35,37C23886-5A51-DBFE-86B5-563CB2034B3A,Andalusian
36,DC785D41-B48D-9473-06C0-ED0B5995C8FD,Andean folk
37,EA01B239-15EC-209C-925B-AF7243D445C9,Andean New Age
38,D7474E3F-88CC-5055-B84E-0B16387A8D8E,Angola folk
39,68C511DF-6761-7E18-3FCA-D288DF9BAD43,Anti-folk
40,2864A48E-16BA-0DAF-3395-912C374231EF,Appalachian music
41,7CF6782B-2340-B1D6-4182-8C4272279D28,Apple Wassail
42,7056609D-FAE1-15BA-EB1D-7E482EDB8F8E,Arabesque
43,2B938C2F-8519-1646-64C4-2465FCDC349C,Arabic music
44,1C1573D0-16F0-5E71-4F0C-C3F29D1A104F,Art Rock
45,FA2A2DD9-B71E-A69D-34A5-8CCA5E8CF455,Asik
46,7E86D32A-DA38-5B47-526F-2653A7CC7289,Avant-garde
47,DAD0041A-704D-A115-5452-99BC38B1DEE4,Avant-Garde Jazz
48,2259C965-3A95-A919-E136-EEA369EE2C6A,B&#233;l&#233;
49,C3F70657-EB59-B0C3-037E-11D30F3AD17C,Baggy
50,12623628-8241-49B6-BF9E-AC492974B055,Ballad
51,8F1E6838-7EE5-4D30-A507-F131FA66502C,Ballad Opera
52,2FEF60F6-67A8-DFD5-752E-B68F732083D3,Ballade
53,8B07A781-69C1-6D02-E73E-44B625E91DA0,Balleres
54,2AAE67C3-4F01-EFA6-0A56-A53E7CE074C1,Ballet
55,DFD8F5D0-10AF-F943-E740-F51901FDF467,Ballroom
56,EBF28E9C-7199-982B-063C-991CB1798990,Baltimore Club
57,E7C32191-0E8F-D5EE-3F76-E5798ADF49DA,Bantu-Portuguese
58,DD32D07F-7DDE-F424-4994-B886DF020E08,Baroque
59,ABCFC68C-F335-FCAC-A46D-B88D73FC550E,Baroque Pop
60,DB3B3707-701C-E2F3-CA02-D2113C8EE1A7,Batuque
61,B40AA6C9-9A4E-B749-027D-2D9EB0DFB4D3,Bay Area Thrash Metal
62,243F43EC-B3BB-2EEF-860D-D6986F0445A3,"Beat music (British beat, Merseybeat)"
63,44E22D44-8EE3-7490-F702-6949C96A08AD,"Beautiful Music (BM, B/EZ, MB/EZ)"
64,D6D189E1-0E25-7208-A382-6038711298A2,Bebop
65,EC7BEB68-BB60-1187-FD1E-A51FB2B30BB2,Bel Canto
66,0970D177-37DC-74C4-C162-6A5081FF6D75,Benga
67,A780DDC0-087F-5D33-F3F3-74B50864BB4E,Benna
68,DDB76C9D-CAB1-674B-56C9-383854769BC5,Bha&#7749;g&#7771;&#257;
69,80002317-323C-0B32-40D2-720E31B382BF,Big Band
70,79A9C3AD-73C6-8737-F6CB-FB00543F20EC,Biomusic
71,7830744F-EB72-3815-C7B3-D794A8247ED7,Bitpop
72,E16821D5-CD8B-A792-6B2F-233FEE237ABF,Black metal
73,57881A6D-28BD-3456-D691-09C82C79F841,Black/Doom
74,258D8A80-1D9C-45F2-D032-F77CE4277707,Blue-eyed soul
75,2D866AF7-009B-5065-EF73-003FBD87BF75,Bluegrass
76,F6A0D742-10AE-2C4E-A6C5-442A70FFE63D,Blues
77,84E06892-8AC8-CBDC-D8F3-66FFEDB3B954,Blues
78,70859DB7-1400-5C81-9B05-8A28B34CD540,Blues Ballad
79,0A58C2FD-57FD-3743-5D79-68E5B1AEC370,Blues Rock
80,E19FCDF0-D8EF-87E3-0FDC-970601AC709A,Bodabil
81,7D508B5A-C230-0ECC-384A-278447FA541B,Bohemian folk-dance
82,04D5D1A6-5498-80BF-8348-F875B476FC4D,Boogie
83,F3410E9F-81A1-F5FA-00A2-D091CE07DE83,Boogie-woogie
84,815FA42A-1A36-4362-898A-A717D4C6D028,Bossa Nova
85,955015DB-574A-4AA4-1AEC-0877D1CD22CD,Bounce
86,837C10AE-FEB1-4EF7-D8A2-E54084403D7D,Bouncy techno
87,3E76204B-4A73-7CE9-7FBC-F2E3B1D8D457,Bouyon
88,F9E6C08E-C687-6882-0F2F-ECB5C38D18A3,Brazilian Jazz
89,226D3DDB-23EB-F024-374C-FFC67D27AD5D,Brazilian thrash metal
90,3C938232-63F6-AB5F-6CAD-687DA7CC7BAB,Breakbeat
91,2D8C2B92-E66B-98F8-B81A-08DEC73065F3,Breakbeat hardcore
92,F45BEFD1-0B2B-AE6C-7E7C-E33A9DBA9D4A,Breakcore
93,3B3B2C45-63D1-9649-C531-B7991F6C943E,Brit Funk
94,AD043055-56D0-244B-9A66-977AE7901100,British Blues
95,D381E4DF-4570-6E73-585D-38D5EB3DE525,British Blues
96,CBDB5B16-320C-C0F6-F3C6-EBACD261E574,British Folk
97,E523BFFB-FDC5-F730-C3D3-DE964A8FFC46,British Folk Revival
98,835F23D0-BD7A-3D83-4314-692BD56F41DF,British Jazz
99,0D00A277-6193-DBA5-17E0-3998075ED2C0,British Pop
100,DF7BAB36-3417-7819-B500-D035150601C1,British Rock
101,0C3251A0-BEF8-B95A-D1A0-33482AEE9D2B,British Soul
102,4E3DE286-0A4A-C9F7-7463-B0C994607BD8,Britpop
103,02E49197-5809-DF05-AF3F-46B53CE7FC78,Broadway theatre
104,FD643B95-2C99-66B3-CC3D-6CE10AB452A1,Broken beat
105,4DA45711-E5B9-06D9-374E-DB1F33CA7CBD,Brown-eyed soul
106,47B095E2-BD1D-EB1F-6484-A460F87A96A8,Bubblegum
107,D66EE49F-68A9-2CC0-B53E-D6643B3ABDEF,Burger-highlife
108,1C250362-78A7-3D12-4E7F-EA5D40086BBF,Burgundian chanson
109,6BE472E0-2B36-17F6-7309-715C0AB44D0E,Bush Ballad
110,65A1B7B0-ECF1-DDD0-D380-75A89CD3B587,Bush music
111,4D6DE6D6-C2BC-25AB-9849-DF9B9DBF1035,C86
112,5163FC81-CD54-4959-21DB-42C921560F38,Cabaret
113,EAB2C452-5DC2-D61E-8F58-CD34B0B60478,Cadence Rampa
114,10D72CE1-B4B4-AC25-AD2D-9E779971AB80,Cadence-lypso
115,65D98F58-6F51-6F82-539E-627CA0906872,Caf&#233;-chantant
116,D8FF9F4A-3FEE-9098-A57F-B78F27E4616F,Cajun
117,D2E921F2-8BD2-26F1-AC3B-5A9ABF0BB2DD,Cakewalk
118,AF918A25-6684-6DC0-4729-54D79479FCAA,Calypso
119,87B6A71D-4AC5-C397-C4F0-742E893409B0,Cameroon folk
120,0FF38FC3-B39D-EACF-7980-BDA5D3829E35,Canterbury Scene
121,9A645933-B224-73F4-637C-A932204818F6,Cantonese opera
122,ABDFF93E-A3AF-B21C-ED4F-FF40759400F8,Cantopop (HK Pop)
123,08FB4B49-C156-92AA-599B-0F86F3C76F86,Cari&#241;osa
124,969D6E28-EC78-8D1A-5C5C-B1FACBFC9D9B,Carnatic music
125,31857F62-2242-4B72-EBB8-3E2B8ACF85AB,Carols
126,3C8A815F-6DEF-AA86-DFB2-A33A1EE80BB6,Celtic metal
127,40F596F6-6699-A6DA-AFF4-0DE6F92444BB,Celtic music
128,C8FAF217-2A76-B991-2850-9EE6CA17A938,Celtic punk
129,DCED10DD-618A-C194-EF8A-54927C8D6D3C,Celtic rock
130,0696D427-8373-784B-E5C7-B15EA2F84FE6,Changdiao
131,E5B5C792-8B26-5DCE-CE37-B517FC2FC3F8,Chanson
132,117FEDFC-D028-AF4D-A4CF-05F821803881,Chanson courtoise
133,C87B982C-F616-402F-FB2C-A863BDD2B5B5,Chanson de geste
134,9B4820B0-0666-AA8B-5F65-1D3A34B4C1CB,Chanson r&#233;aliste
135,D9F5A09C-ABA1-DA94-5F77-D7C925B9D23F,Chicago Blues
136,68FB895D-EE84-1D91-0757-92271B5D390E,Chicago Honky
137,8935B5B4-D63E-4111-DD02-B0C7A295A393,Chicago House
138,EBF688EB-2261-E82E-F4BD-8A419D9E66D8,Chicago Push
139,037B5425-B4B0-257B-C56D-6D85C3216B6A,Chicago Soul
140,D6ED9E37-C38A-C109-EB3F-3E47F7131B60,Chicha
141,B0BA2495-F187-915C-4675-2D096B9D7C87,Chill-out
142,F7BEAD40-06A5-ADE5-A9A4-6BC0FEF1604C,Chillwave
143,AD59CE3C-8126-D180-637C-AFA05B08DB3B,Chindon&apos;ya
144,10F1AE2F-75F6-41CC-F868-B18B3CEA1944,Chinese folk
145,97A9BF0E-CB9E-F250-58A4-65DA3C7EDAA0,Chinese hip hop
146,C2CE8CBB-5034-F4F6-8C1F-92AF44DB7293,Chinese opera
147,68DE9B45-A88C-AB54-389B-D2BBD7FA5A37,Chiptune
148,DA7BCA08-D2FB-334A-4FCD-0002215937E7,Choro
149,EBC1653A-BA65-A537-0DAF-7C521999648D,Christian Hymns
150,76D3FA84-87A8-1FF2-D30F-1B027F4AE6E2,Classical Music
151,ACE9C3FC-75DF-FE9A-78CE-6EBB49A501ED,Coimbra Fado
152,F8763E09-04BD-8939-6305-13309D16175B,Coldwave
153,11BEDC95-C978-80EC-2BF5-6C244D8401ED,Comedy
154,BD8664C1-5D7B-D604-ECD4-637C176FC144,Commedia Dell&apos;arte
155,8F1EB556-FED0-53D3-4158-34A475514D91,Compas
156,7EDF884C-46BD-94E9-7FE8-4A470727A1CF,Complextro
157,E1A37867-98AF-4A18-BDFE-839F918AC95F,Congolese folk
158,D875A864-4B55-9878-9D63-635D7E3756F6,Contemporary R&amp;B
159,57FB6DE0-6125-040C-B7EC-25E85F4B2205,Contradanza
160,E3D81657-78B4-C2A2-DA30-70CA28DAD7A3,Cool Jazz
161,178E593F-10CC-C435-A9BA-CDB6269BD55D,Country
162,E6958E7E-071E-8EE2-7B11-5B674C692EE1,Country blues
163,0D9D3794-F1B2-E3D8-1175-06C7921B79A0,Country Folk
164,D685A307-121E-35A2-B851-C35B8CC2D766,Country Gospel
165,35FC841D-0524-0469-4172-8158C6567770,Country Rock
166,802CDEBB-D1F5-DB0A-A771-6CDF7D454638,Cowpunk
167,2066F7BA-F5C8-9E66-BA62-8026E496DBB8,C-Pop
168,7FCFA417-73A4-1C6A-30EA-14FE83817D7F,Creole folk
169,9D6A6C1A-D0C7-BB35-84F3-3FE145C8E5E8,Crossover Thrash
170,B1893163-92A5-5B80-2E44-8FC6322CFF8F,Crunk
171,044E9EF1-FAED-E2B2-0510-73CC23B2C7FD,Crunk&amp;B
172,B4CF04BD-3E12-7A38-AC46-9B57DF2619EC,Crunkcore
173,AD4A18C3-CC76-1773-20E1-234BAD7C7605,Crust Punk
174,B3E7CA5E-47F3-3A70-397B-813EF6B46C4F,Cuban rumba
175,C7D862CF-3857-203D-4F54-34CCA07BCA57,Cumb&#233;
176,33CB4BCC-5B78-E3AB-3CBD-855EE3FA85B4,Cumbia
177,A40EE720-809A-0E43-D6E5-231B8876714A,Dance
178,DBED8F35-3C3A-8C87-3B9A-7879754DB997,Dancehall
179,1AF0C755-1CEB-D57E-4F52-0C074E956CB3,Dance-pop
180,25BD5551-4156-697B-CF13-686EC5CA3931,Dangdut
181,0B7F6208-B5E8-5D56-096C-FC00CBECDB3A,Danzon
182,37F01ECC-0AF0-4678-C97E-96F69BD4D44C,Dark Ambient
183,C183C42C-60B9-3ECE-3B8C-C574B8AB46FA,Dark Cabaret
184,A54EDC71-4011-9A69-3196-8C09CA44CCC4,Dark Wave
185,2ECA78DE-43D0-7D79-BCDC-D33AB6BE9235,Darkcore
186,9CD08144-9A30-E729-6AA0-9F9A6162B0DB,D-beat
187,D7B62F5F-C2CD-35B1-9B6E-9CE514CE7E60,Death Metal
188,E8CB00C0-BE11-849F-D509-59A203BEF3A9,Death/Doom
189,CAAA8211-F441-DD1E-357C-EBA63D964D99,Deathcore
190,FEC2D900-3B5C-A51B-F487-43E9EDA9B04A,Deathgrind
191,81E5E710-0E41-BD87-AC07-C79549EC3BD0,Deathrock
192,9401AD7E-E6A9-F1B1-55E4-862D2CD5BCEA,Delta Blues
193,66AF1E88-8492-3DC4-7642-3345BF4537DC,Delta Blues
194,C21F6E0D-61A3-7728-0EED-FAE56CF887AA,Detroit Blues
195,4D2FCD8F-4CB5-69C5-D94D-BBFC703B77D5,Detroit techno
196,92E70A66-1F86-DA5B-0141-8937A429794C,Disco
197,44D72FE9-B865-30E8-CF88-F3D064B252FB,Disco polo
198,10DBA409-63F5-92F9-0004-2AEA88888D0A,Dodoitsu
199,D68DCF66-F0A4-EC31-7A9B-0A247068C1B3,Dominican folk
200,0FEC37A0-4708-A66A-04CD-4FF08A4284ED,Doom
201,F4FD97DA-DA89-0A65-0D6E-EF8372BE1FE2,Doom Metal
202,4BD1CCCB-2B33-A55B-3D24-50ADC45106E2,Doo-wop
203,1E6F187F-A8C9-0C81-887E-05CF56E3AC9E,Downtempo
204,72959598-3513-D34E-34EF-ECE03EC687D8,Dream Pop
205,887A0610-835A-A8FA-65FA-28DEE9EFF788,Drinking Songs
206,87D7DC0C-03D6-312D-26C8-774EC95134A6,Drone
207,DFBA097E-6E23-AA53-499F-8F6D3DD42234,Drone metal
208,73E73FA0-42B9-1BE0-F8D0-E69814412A05,Drum and Bass
209,D331B14D-AE72-8A89-B3F3-0A14179137C3,Dub
210,B34B4053-4DE6-51DF-4527-20ABC42112C2,Dubstep
211,F4D2A1DF-E2E8-527A-D881-C10AE0733CCC,Dutchmen-style Polka
212,71E7F90C-E983-AAEE-33CC-B4DC54FE8107,East Coast hip hop
213,37EF8005-355A-D140-6D94-8301AE062D28,East Coast Thrash Metal
214,F4170097-5224-887A-2758-FE241A79FFA0,Easy-listening
215,B127C975-1591-AC5D-24DF-13EE2622F3E8,Electric Blues
216,B4071E2B-5F58-FCA3-EE08-443AF3FA4609,Electric folk
217,988442E9-109A-B811-0AEC-141566F7431B,"Electro (Electro-funk, Electro-Boogie)"
218,A72D0AA3-3F7F-C63E-C1C8-593CFAE211E3,Electro grindcore
219,262ABE94-C6C2-3B3A-DC33-B50265ADA5CB,Electro House
220,D2E5A551-2DD8-B585-BDAD-456595C485D3,Electro Swing
221,0CE8FFF9-8625-C331-AFA8-28CA2C5BF462,Electroacoustic improvisation
222,BAD6A3D1-9A6F-7AE5-B240-BF0ECF85717A,Electroclash
223,0B2888E3-5BF3-DA1F-8007-F5138BA2354E,Electronic
224,A8388411-20D3-5E00-F171-E145DD4E3FED,Electronic Art
225,129DF6A4-05AD-7E98-A47D-A6B240954020,Electronic body
226,98954E49-23A1-10A6-5A24-861ECC29A3D2,Electronic dance (EDM)
227,691E6703-EDDB-DDE4-3B10-EF2DFCB0CCDD,Electronica
228,D71FB841-758A-18E8-C2D4-FF21C977ED3E,Electronicore
229,9F793CE7-C576-2DC6-96AD-FF172AE8E868,Electropop
230,A37724C9-2E53-9565-F5BE-0521970F161E,Electro-tango
231,458A3AF5-7B9A-B576-EB7C-54572FBD0A24,Electrotech
232,80140A5C-C6CB-255D-B94E-50EAA393DF23,Emo
233,DE80B228-5E4E-EAF8-4BCB-5909470A0C65,Emo Pop Punk (Emo Pop)
234,F01B7AC5-6604-097D-DCA6-F3FB677C5A77,Emoviolence
235,9F9E7227-FB0A-289A-1DE7-6E905F6E3BD0,English Folk
236,D25A4202-6A97-BC89-C65D-E22DF681B72C,English folk
237,9A60B6CA-5808-036B-3510-D064E650C09B,English Opera
238,40375D24-1A5A-A30F-710A-8D6B0028C131,Enka
239,00ED599D-937C-B7CC-515A-9D5628FA104F,Ethereal Wave
240,E328455A-19A6-C064-EB9E-48E87BB646E4,Euro House
241,6F335C22-FED3-25E2-7642-23C81C98D475,Euro Reggae
242,31A6FB18-0EAA-F5F3-071F-3B2FBD919A67,Eurobeat
243,D1A02F3D-4FA2-DC1C-4EE7-260BE1B79639,"Eurodance (Euro-NRG, Euro)"
244,9F30CC5F-014A-A6BE-A095-C43477EE557A,Eurodisco
245,E6A06C7D-5B11-8C2D-AA0C-24DF2713678E,Exotica
246,A05C0FF3-C002-8008-5EA3-FC7609EB193D,Experimental Music
247,3231A353-DC13-0514-20D9-E935A4A5D1EC,Experimental Rock
248,91CFD245-34AC-010D-4370-B833D35C004F,Extempo
249,9461EF05-44A9-DCE0-A765-01D99EF24BAA,Extreme metal
250,F815EB00-30D9-C375-8A3F-5AC0C03AFB2E,Fado
251,D137293D-025F-EDAA-F8D0-926E2AE24476,Fandango
252,184E55F8-FFC1-26D2-723A-B1FC3AFFCADA,Feige
253,1D43B8D4-493F-131B-A0E4-43C2BE6CEF4A,Filipino Folk
254,BE2CC05F-65F8-7C09-6A64-7528F3204F23,Film music
255,C7A03057-3D59-4D69-FA14-6B384ED9609D,Filmi
256,A4F4841F-3AE4-9C38-DF65-DACD36568B90,Flamenco
257,852DACEC-B5FA-90CE-5D63-A2AFEA311A67,"Flamenco Rumba (gypsy rumba, Spanish rumba, rumba gitana)"
258,4E8DD2A0-DEAF-2E5B-198D-7F3F5F636D88,Florida Breaks
259,7B5C5C94-1521-51C8-A5F9-A5E8CB97C0FC,Fluxus
260,4748DE00-B0F3-8174-D343-F0C52848B7DC,Folk
261,204656E3-A1F2-E5AC-B2CF-854E35B90DF8,Folk Metal
262,133F43EB-B553-962A-D538-EEEE16C0F7FF,Folk punk
263,59097227-02F7-E02B-1FC6-5B819808F5A5,Folk Rock
264,B67CD58E-DF54-E369-0F26-FB8A6354B67D,Football chants
265,7E173E15-3C4B-DF61-16D2-214559BE1EB9,Four-on-the-floor
266,F785F1E0-2F52-890E-A02F-E5B87C30CC10,Freak folk
267,70E66E97-BA77-D7A6-08B3-F30844617FC2,Free Funk
268,5E203B44-0EA4-AEEC-3717-D275E74B8936,Free Improvisation
269,9DF8F106-D8B8-A2BC-C36C-5E170D9FF227,Free Jazz
270,EC5C70EE-2E9A-4A03-20D9-238C526CE498,Freestyle
271,2013716D-8002-666E-B8EF-BF7637749C6F,French Opera
272,D1CB5724-5808-1094-BA46-F85B1DB5249F,French-Canadian ballads
273,1E805C03-29C8-28B9-18E3-A4E72F426834,Frippertronics
274,DEF6701A-2B94-773A-84A0-B674CE1D0BE1,Funeral Dirge
275,915A110D-BD9B-C6E3-7B14-F45EE4140172,Funeral Doom
276,0D2AA437-B7DA-9712-5EEE-35AC735FC2F3,Funk
277,1EC40CB1-E5F3-96E4-9672-674405B7767E,Funk Carioca
278,BB259864-F468-0E02-A217-7B1C63AE40CB,Funk Metal
279,A98EE288-D14C-57AE-9E7A-FE374FC10FF8,Funk Rock
280,520D00DC-60AE-DE83-0E07-DD7952A22646,Futurepop
281,A594130B-7CEE-EA4E-7799-466908956885,Gabber
282,13F120DD-B86E-36D7-83A0-DC6D2A8DA72B,Gaelic Folk
283,64BD5AB8-4BDA-87C5-CAE6-74D4D066EF22,Gangsa
284,27C31DB5-EC87-1C51-633B-47070E7E41EB,Gangsta Rap
285,4AC77C49-4E77-5E71-9F6D-1E9CAC34CE19,Garage House
286,1926D609-6B38-C611-2E13-F907E4209398,Garage Punk
287,F5CA02FF-EC12-D70A-DB1A-C750D2CBE515,Garage Rock
288,4EC6847A-0594-E907-B33F-BC69ACFB16A5,German folk
289,A7B28AFB-073D-0B2F-CBD8-396AA73D1146,German Opera
290,CF581AE9-14A8-128A-7A55-68ED91F546E9,G-Funk
291,E1A10612-91DF-8165-9085-52871CF5A4A1,Ghana folk
292,D60D8F05-A04C-F785-0F07-26D1238037F6,Gharana
293,23362ACA-BE09-9AEB-07A2-A45082D7A918,Ghetto House (Booty House)
294,F1E60913-BBA6-A1DF-330C-F43ABF428073,Ghettotech
295,AA71AD4E-3A31-A8EE-5852-D4C9CBD62A0B,Glam metal
296,1E8FCDDE-EC7A-BD2F-C0FE-2EEEC25C2468,Glam punk
297,8F2FA464-CA50-374D-03B0-5A4582B3D4C2,Glam Rock
298,AED46F22-9EF9-D5AC-58D5-2BD1916EB23D,Glitch
299,C3299B85-5134-FCA8-1855-C4EBA330D223,Glitch hop
300,1E965DB0-F30B-1A90-C9F8-89E0A56C3570,Goa Trance
301,8D5BAF7D-5E51-5E4A-D3E2-DD6DE6584447,Goregrind
302,C6DC82F9-57A7-A6E9-D33F-9F47E66C19D4,Gospel
303,F683354E-8BF2-AE95-1A7E-FF18E4FDC89A,Gothabilly
304,E69757BE-B503-34FA-E569-FDCB24F94D68,Gothic Metal
305,E22D1788-F5AC-760A-4E1A-C02347684E8A,Gothic Rock
306,BBF442BD-6A8C-3D7A-F9C3-B4CF78855FEA,Greek folk
307,D15B460B-2885-9C33-DA9C-4648001DC02F,"Greek New Wave (N&#233;o k&#253;ma, &#925;&#941;&#959; &#922"
308,6EF0E54F-371E-CC70-EDC5-1D91980DC75A,Gregorian chant
309,33A14C9E-6084-2E42-2D6F-5BBCEC416810,Grime
310,48A8B07A-5CC5-9A70-25C7-53919B130392,Grindcore
311,275EC719-72E6-4F43-0F84-F5633190DF64,Groove Metal
312,39F201AC-011D-910B-60E3-4FDA56C8464E,Groove music
313,7562C4A3-88F6-06A6-1C6A-787E12ED26BE,Grunge
314,1320BBCB-F6AE-BDC6-F7C7-231D459B8701,Guadeloupean folk
315,4F35CB78-CEC3-4B14-B340-16AACD05E0E8,Gwo ka
316,E771CDD7-4AF8-AB95-3E4A-C15F2B440F1C,Gypsy
317,D45F721F-C143-1A62-E985-0767B9726B8A,Gypsy Jazz (Gypsy Swing)
318,C1B93EFF-7A59-0113-12BB-222B6466AC22,Gypsy punk
319,7A430156-C7C0-027B-01EE-BD133C3322EC,Habanera
320,3902A3A8-33A7-4888-97C7-50DCF0F4E483,Haitian Meringue
321,41B355CE-0291-F2E2-97E7-C36AF88DFAB9,Hakka Hill Song (Kejia shan&apos;ge)
322,57420D5F-2C0E-EA42-98F3-64012D68DD0B,Happy Hardcore
323,32E8AB93-F783-0F02-EA3E-D362A4C334F4,Hard bop
324,455DA972-3365-80AD-85EB-48D7166186F9,Hard Dance
325,63A691CA-5262-2F16-914B-11B7976D65F8,Hard house
326,18EA403A-BD74-7D47-DDAC-3E413DD430A1,Hard NRG
327,F98AAD11-C98E-8A9D-5330-1E2B8EAF6F7C,Hard Rock
328,27E7A359-20C9-947D-5DA5-10BDAEE96219,Hard trance
329,781A617C-75D3-662F-6632-9AE641EEC1B7,Hardcore punk
330,36EF476E-4525-F90F-FA3F-D03F78A744F5,Hardcore rap
331,AF071341-E891-C1D1-5EF5-737707E4505E,Hardcore Techno
332,E6DF4238-1798-8CDA-660C-3598D04A7F13,Hardstep
333,342FE12D-C5CA-AD31-5FE4-C6BC44E7E2D0,Harlem Stride
334,4FA29D57-5347-93DB-847C-D10FA90DD9FF,Harsh noise
335,D6AC344B-9B80-3EC3-9B18-B33BD98245A0,Heartland Rock
336,FA0EDE99-56D2-4FC9-E857-BFCC597DF785,Heavy Metal
337,AB611424-015A-9EC4-A282-D8BBBE03EE28,Heavy metal
338,4BE44550-51FC-6776-8664-F4DDDDB892A9,Heavy Metal
339,CCDC86D4-4023-DFA7-B607-99149EB974E3,Heavy Metal
340,B570F710-849C-0B78-BC78-F20EC615000D,Hengyang
341,59A38B5A-84AA-8611-9452-3AD50C196E02,Highlife
342,F47A5D34-31AD-ECEB-760B-3D5F6E8B72DC,"Hill country blues (north hill blues, North Mississippi blue"
343,EA73E28A-CC6E-3A6B-5220-97507DDAFAA8,Hina Uta
344,373760B8-9D46-029D-ED24-EFCF1B40001E,Hindustani
345,0DC1D230-BBE9-C6F1-093C-08E6AF7D4B82,Hi-NRG
346,5C2AAF42-5475-BBE5-3D00-800530D298BD,Hip Hop
347,8259AD82-300E-71EE-F3CB-3A2284164158,Hip Hop
348,5DEC7C68-8699-2124-BE34-5D12AD6BF731,Hip Hop Soul
349,549BCBDA-E903-F224-D0CE-266AD15B6C31,Hip House
350,9D418DA9-621C-4F2E-F02F-796CF8BB521A,Hipster Hop
351,5EF5D05F-69B0-7FD7-8C9E-C2BB87314A54,Hokkien pop
352,DA4F655C-BC51-D04E-BF73-66FD3CFA863A,Horror Punk
353,146DC86E-1F01-4162-BDF6-303CA3A29DF2,Horrorcore
354,D8DC29C0-A427-CF37-8FB3-876ACAFF929C,House
355,F0F4180F-8E12-934B-3418-1070EB2D1B45,Hua&apos;er
356,B65A888C-0AD7-8287-799C-32A7CA02104B,Huangmei opera
357,54545EFD-033C-01C3-0FEB-EC785E33B4C3,Illbient
358,107EC571-41E0-F41F-F81D-0FBA02996BE2,Impressionist
359,D1644E20-91E4-AF4F-6B9A-009F6444DEED,Inaka Buri
360,B6A80AA8-4668-AEBA-031A-2C5FE567C620,Inaka Bushi
361,ADFF0DD1-5A93-E1D4-90C7-49BAA8593D0E,Indian classical
362,1A74BC67-B222-16A0-67EE-7B62A4B88287,Indian Rock
363,813203D9-CE75-8676-364D-4F465F2B785E,Indie folk
364,B9188FCA-832A-F7C6-0C9A-1AA6538598E1,Indie Pop
365,29AD8AFB-96B6-CC97-CD9C-A8E28B92E3E6,Indie Rock
366,EDCA9E5A-3F09-D41F-7AF9-5F3C86364002,Industrial Dance
367,AE631540-F624-646B-6556-E4054C845A77,Industrial Hip-Hop
368,B7C14D26-D52B-C2AB-060C-201C718891D3,Industrial Metal
369,B999368D-1CC6-7285-0874-9F2C98B41ADB,Industrial music
370,7BE64204-8315-A165-545F-B917468AA9FE,Industrial Rock
371,D14D98F6-1B68-3E4A-EDDF-C08093791C9E,Instrumental Rock
372,AD4A1FC2-E0FB-463E-9ADD-C891F99F791A,Intelligent Dance
373,F36F0DFE-328E-777C-F0E6-21E14A43F536,Intermezzo
374,EF183AEC-7388-2C6F-FCB1-5FC99D13CF8F,Irish folk
375,3A412889-8D92-80B6-E9C2-4CFE62D904DC,Italo Disco
376,18F63C0D-E32E-F8ED-C990-8753C0055B59,Italo House
377,CB9239A5-2343-20CB-EC84-902263A21B11,Jangle pop
378,6F73CC9D-E78E-DC9D-8E62-E7B9E390DF8E,Japanese folk
379,D3AF6A25-F116-7C6C-CD5C-DB898F5FB617,Japanese folk rock
380,97F41F17-6EB9-38A2-D6BE-6460220B5C08,Japanese Hardcore
381,6DC4AC7F-C0BB-2F76-DFD9-B1E00864ED1C,Japanese Jazz
382,5F91576F-F97E-6AF1-95B8-CC02A9F47097,Japanoise
383,2551C9E8-9FE2-1F50-52F6-B1903FA008B6,Jazz
384,E51FDD2A-DE84-853B-1638-59AB66535C79,Jazz
385,1DA40263-E1F8-92A0-7826-2DCB46F2048C,Jazz
386,28235423-6C58-C560-ECC2-3ED7503BCDFF,Jazz funk
387,7DD4C433-85EC-9DC6-2789-AB543DE058EE,Jazz Fusion
388,27098FE9-8EA1-55BA-0598-29868ED6C586,Jig
389,38C940F1-6809-A5CE-8103-D3DBAFEDDCEB,Joromi
390,225B1C2C-3953-E2E9-2895-F7BF09581A6F,J-pop
391,561663C9-CD8A-C7A2-8619-2577507FBD73,J-Rock
392,E5B54BC4-EE09-D43F-CA39-4AE90286F7BD,Jug band
393,57696E47-27B9-82C9-71D0-A56A853AFDB4,Jump Blues
394,EBF8E2B9-1C97-2B42-3908-C5FF9548A542,Jungle
395,6BE64350-460C-2A1F-B1EC-E9848D9C9D1B,Kadans
396,5A83B990-9A3E-8D4A-55F7-8502BBC900D4,Kansas City Jazz
397,99439104-941E-CABA-471D-1B9519EF1082,Kay&#333;kyoku
398,863958A3-A77B-ED28-EF62-F3EA43D8A130,Klezmer
399,E66FAF30-C14A-18BC-91FF-C58B08553FD8,K-pop
400,AF6C7316-7B32-4414-F092-ACB9EAE91EC0,Krakowiak
401,90CA4D91-1239-7F43-30CC-966BB3232422,Krautrock
402,39D3ED30-72B6-9E85-1163-E3E3B8EE1EB5,Kroncong
403,6FE974C5-0A53-B267-CA50-EAEC8C9C9677,Kroncong Dangdut
404,41285316-98B2-9B2D-D9A4-B4AD8600AE59,Kuaiban
405,82403870-4A13-9943-2003-D6D73165A935,Kujawiak
406,82277E51-C105-F04C-D2C3-DFD0696458CE,Kulintang ensemble
407,4F637B84-745B-D412-AFD7-32C436DE7F67,Kundiman
408,FE9309A8-D367-EAF4-99D9-F31599077996,Kunqu
409,7D13CF12-9434-42E4-3991-D7309C33FDE7,Kunshan diao
410,1F88D1E4-F7D1-544C-B065-BCF3A0F2789A,Lalu
411,74CC76F9-0900-9494-46FD-A8B64FBAD9CC,Laptronica
412,231BE656-D998-B4CC-DB25-E92148F9FEE4,Latin
413,C515433B-EA7C-AFF6-DCCA-78384D790BEA,Latin American romantic ballad
414,7BE8D15C-B2B2-9F37-0994-F701DDCEAEF0,Latin hip-hop
415,18397DDA-0E9B-FC83-954B-4E12163DA24A,Latin Jazz
416,437D0B23-97AC-69ED-CA03-9B5848D076AC,Latin Pop
417,D1B301B4-132C-B640-6DA3-162570AB5ED8,Light music
418,EDF70DF9-3556-5543-4D6F-C68633159ADB,Loft Jazz
419,A5D08B26-367E-C7AD-696B-C1B645618855,Louisiana blues
420,1CBE225A-E373-0385-C40A-6614B0CC819F,Louisiana music
421,E836BDAD-B88D-5988-1D4E-ABF0079DFBD8,Lounge
422,EADCE51F-2A6E-EE5A-6576-86FB6336F560,Lundu
423,F40D057E-97B3-D479-7836-D2944C14136A,Luo
424,C35006EE-F9A4-9966-0696-46EAF4589920,Luo
425,1E3F5B83-A267-F373-5833-266A634958D3,Madchester
426,0E29BF27-CF3E-DDEB-FBC0-C6118803D97E,Maglalatik
427,33279A2B-9671-EF77-F9E8-4C03FD9DE911,Makossa
428,41B52AA9-2FC8-F7B9-A8E9-5A7B74D3BEFB,Malay
429,4BA17912-A1AF-88FC-E494-8FF4342CA23D,Mambo
430,98EDD1E1-5D88-2D9C-4C9D-CC4CDE7F27B7,Mandopop
431,26D9C3F5-6B5E-C8B8-49DD-F84FBCCCDE11,Manila Sound
432,781D75E4-28B6-D3D4-686A-568B17D840A7,March
433,70641785-B425-DE8F-35A7-AFA3C2235A1F,March
434,5509A6A2-92E8-2F6E-8DED-6A00F9008F74,Maritime Folk
435,7A6393CC-99E1-84E5-29CC-0DFA39CAF8E2,Martial industrial (military pop)
436,5B17E29C-BCBF-E024-9211-2BD29D6BEED1,Math Rock
437,72B5257D-B065-12C3-9816-B8DBCEC66FA2,Mathcore
438,420C892C-218C-5C52-BEAB-F61212DE62CF,Maxixe
439,1E61E1C3-810B-FC35-CCEF-7B4F6794AE6F,Mazurka
440,852B0A04-BF93-1FC6-206C-8A878E9C48E0,M-Base
441,138B555D-B7AC-8F36-D931-2126BD1D8FFF,Medieval folk rock
442,4DD8CC36-BFD9-0142-F3DE-157EE226F38E,Medieval Metal
443,C0EA7BA6-22A3-2B27-E45D-E332DAC01B2F,Medieval music
444,7D059913-6DB4-7382-F8BE-4BA966EBAB41,Melodic black metal
445,8AB25D32-AE5A-EC3C-AF38-5BA87096AA54,Melodic Death Metal
446,E82CB7C6-0610-CC6B-148C-D40CFF7803EB,Melodic Funk
447,E679E172-F4E4-C734-6EEF-FCC47AAC7C57,Melodic Hardcore
448,836D886C-A3CB-C526-CE2F-B0400F0B23BC,Melodic Metalcore
449,FED5D925-EF25-C2C1-F9D1-5ADBB2641BC3,Memphis blues
450,59D85BA4-820D-0B3E-111A-6257D37A3A74,Memphis Soul
451,7E1CB087-13C3-40BD-A749-FD4CDE744DD6,Mento
452,74B9F554-5DE7-7E09-E577-A93B2D808411,Mento
453,AE3EB08C-DCE8-DE7A-834E-6A24257216F9,Mento
454,BAEC448C-05EA-7856-A9AD-4BFBA2F7BCF0,Metalcore
455,BEE2E96D-1BAF-761C-22D0-0BC8C7019EBF,Mexican music
456,3F7B9DAE-499E-22EF-E667-18E2CF7700C3,Miami bass
457,DFD35031-EDF2-8803-3BBD-CC6F85E1F206,Microhouse
458,8FA81E7A-2D14-5D04-A182-81473AA41F10,Middle Eastern Folk
459,AB2A7EA7-E37C-F6AB-610F-5777EFCE9B84,Middle of the Road (MOR)
460,95DFCB66-F68E-B701-0177-F052B5E04847,Midwest Hip Hop
461,CAFCDBD8-B817-9451-0BAE-809889F2C140,Milonga
462,54B5918E-82E0-AB92-D591-03E0A9EC2856,Min&apos;y&#333;
463,22BDB6D5-2F56-BDAB-B305-04276BC20E10,Minimal Techno
464,4ED92584-C187-087E-8788-8D24578ED8A4,Minimalist
465,58D59E8E-B05F-9896-E990-718971D31CD7,Minstrel
466,DF448FB0-3230-4785-0393-66443BD186D5,Mod culture
467,A1BA95EE-55AF-29C3-F4C7-C56434A5A3A1,Mod revival
468,2243565D-DB88-6CF7-AD3C-2438FC4D2130,Modal Jazz
469,A5EE18AC-6876-CFBB-B87B-08EAECF0CC92,Modern Chanson
470,13D07E75-7770-297B-20DE-FFD7E10F794F,Modern Soul
471,A98F6BA3-BF56-AC96-B872-8A478D81F655,Modernism
472,722DA728-942D-23F5-AB74-6057D7589388,Motet
473,F0A08344-C5F3-741C-EAD0-088F7D86F92A,Motown Sound (Detroit soul)
474,E06F6F0F-2E59-EB88-AE49-F0F1DCD458BB,Musette Waltz
475,7FE0DA3A-85F6-C501-3106-AFB77EDE054E,Music
476,9A9E9678-EE26-1138-D29A-6186C1630F3D,Music Hall
477,48ED9153-DF6C-25C0-9C3D-B684FBEC7EA6,Music of Tamil Nadu
478,F28620EC-36A0-6A73-9AEA-436C15EBE010,Musical theatre
479,AF6CF279-0057-139C-9636-FE12D9FD4EB1,Musique Concrete
480,BC0AFED2-A1AA-B8D5-76FA-01590FB0AE8C,Mystery plays
481,2C35D73E-1002-3080-A524-0F90914C3846,Nara period Folk
482,48A48E25-5DA1-CB5A-975C-2A45E43A302D,Native Columbian Folk
483,0A56464E-2AC6-3D20-3E0F-AD00CEF1EB0F,Ndombolo
484,88531C26-CF59-5911-820D-7E4CACE76CA8,Neoclassical Darkwave
485,69B341CD-D1AC-04F7-1214-EB589D91CD38,Neoclassical Metal
486,4B87A9B6-CC8E-788C-2781-2AC24A8150D5,Neoclassicism
487,58A859C9-008C-AF5A-7A71-96E2E1F7E711,Neofolk
488,A6CB9C67-B42D-7C0E-3EB7-E31D8CD063AD,Neo-medieval
489,CE0C5FAC-C627-30C9-34DF-8AADDE9D73F9,Neo-progressive rock
490,CBB37708-3AC4-BBC7-24CC-30D477909855,Neo-psychedelia
491,D9AC8E97-789C-5018-A531-D3729EA9D136,Neo-soul
492,2A557B98-22AB-59C8-E0AB-FAE6BAE0F68B,Neotraditional country
493,7D96EE94-8FD0-A094-0826-A4DEAF7C1365,Neue Deutsche H&#228;rte
494,98183CDD-E2D0-AC47-2145-794B361B37E2,Neue Deutsche Welle
495,4558C306-17D0-CFAB-34ED-7F8118486BA8,Neurofunk
496,068EA442-BB54-4A03-D974-B3A84F095C9D,New Age
497,BF62E3BC-469D-8AE2-2932-E0DAB8D868AD,New Beat
498,54B563AD-1232-1BDA-591D-529963A63AA1,New Jack Swing (Swingbeat)
499,C6BB6D42-E289-F6B4-88AB-5348B4D75888,New Orleans blues
500,C6934E60-478C-4EC1-FD07-FFAD5F36D98E,New Orleans Jazz/Dixieland
501,FFA9F7B5-A96B-E05D-2494-20FE46E66B51,New Orleans R&amp;B
502,2E9FACCF-C2E9-C95D-1E5C-332EEF40E1B8,New Orleans Soul
503,378AFB41-9025-1B8F-0528-87BB864248F3,New Wave
504,6C760FDF-56D1-7177-69CB-693B915D2F93,New Wave of British Heavy Metal NWOBHM
505,896B0AE5-910D-C96A-6137-E9BB8020FDFD,New wave of new wave
506,EA8204EC-16C0-7626-E961-95CB7137B11B,New Weird America
507,289E18F5-4C24-3C46-63A6-082655EF1E27,New York Hardcore (NYHC)
508,08518B14-5D55-6C40-D5DD-6A5369576521,Newgrass (Progressive Bluegrass)
509,BF945724-F6AE-F6D1-47A8-F087B7C17B1A,Nintendocore
510,36C06A6E-CF82-06D0-76F5-2D8D0484220C,No Wave
511,31D6F646-1233-9B6D-DE0D-3CC482CE2F1C,Noise Music
512,3DC0544F-F3D2-DD94-0398-35D29AEF3759,Noise pop
513,F9620543-F797-2490-3DC7-B288DC43EE8C,Noise Rock
514,647FF7DE-83E8-F608-D794-692E83E10474,Noise Rock
515,C4D2CD2F-609C-5271-A13F-D97D338C4FD7,Nordic Folk
516,2112A11C-0DA3-001F-BE3E-DDBCF6C83BE3,Northern Irish Folk
517,60A8EDAB-4AC9-3001-B7BA-4519F435C538,Northern Soul
518,C40E1AAB-23DB-7FFC-63BF-07955A2A025F,Nu Gaze
519,ECCF2A21-743D-DE17-7769-719BD1689391,Nu Jazz
520,9B6F3CE1-ACC0-4894-F91D-A0AC133F907A,Nu Metal
521,F572E3BD-C67C-620C-4148-B2C054A16DB6,Nuevo tango
522,A627817E-0A49-6BC8-85CC-2B274326DBEE,Nu-Funk
523,07582282-5BC7-60DA-7581-5D7217A508C8,Nyabinghi chants
524,08929B4F-0E98-4D0A-894A-E584B6A9A2F4,Oberek
525,06D0771D-E669-BA35-FC76-C11E1336870F,Oi!
526,B869F7C7-0A53-00B8-C1A7-5664E8C61A89,Oldschool Jungle
527,C05F303F-D9F2-E633-A95C-38616F604AE9,Old-time music
528,02CCD0C6-E7B9-6291-EBBB-E5E7DF94928E,Ondo
529,48B5767B-A0A6-F7B9-7602-16285132F697,Op&#233;rette
530,E291E787-1033-2BF0-1EF1-98B8B902CF72,Opera
531,AFBA0EFA-15FA-7211-2EC2-3DD25EF8C01F,Opera buffa
532,6170F5F7-3E49-60F8-DF75-C99850A59F6B,Operatic pop
533,07DBF207-FE07-82E8-2BD3-B17E4A68BA00,Orchestral Ballads
534,2CCEED2C-79E2-F2FA-F140-70D8DA45C694,Outlaw country
535,02249BE2-9F0C-C118-8602-562BB2806D99,Pagan metal
536,5FB05716-45ED-82F7-7B8B-AA237643AD07,Pangalay
537,DD933ACB-4E22-6CD2-F30A-29AB12E50D25,Para Para
538,91477F7D-AE23-BBEC-4C1D-F8F55C457C29,Paraguayan folk
539,E7AE62DC-A5CE-EA1C-66AE-2EDF1F9D358F,Parisian chanson
540,42B19C0A-8CF3-7CD5-86B5-2273F6B6FC71,Patiala gharana
541,47D17A79-911E-B0AC-831E-46456DEA8226,"PBR&amp;B (R-Neg-B, hipster R&amp;B, alternative R&amp;B)"
542,165FD9F5-95DF-9897-4F18-5A44101CA692,Peruvian polka
543,D2DF84D3-D879-B1FD-8EF9-545F4C4D79F5,Philadelphia (Philly) Soul
544,24A95F6A-DD8F-3F2A-0469-7F42651DF25B,Philly music
545,715FE32F-81A0-8D84-A2E4-B5B83BAB82D5,Philly Soul
546,F9348D35-A158-DAC4-0F95-098A9CCA3B9A,Phleng Thai sakol (String)
547,EBDAE66A-3D69-76DC-3542-852623D4917E,Piano blues
548,99DFBE93-0DCE-22AB-FE50-E638790131FD,Piedmont blues
549,1D87CFAC-EF37-F20C-A20E-A846204F0B37,Pimba
550,A2E89594-98F8-D95C-6C24-87763AEEB7C7,Pingju
551,64428158-8C57-3287-D077-027D4A3515D5,Pirate Metal
552,ED6C668F-40EB-7FBC-5597-A4BE2F22DD07,Plainchant
553,09546C67-A87D-E5DC-8DC9-E7AA7697AFDE,Polish folk
554,972EB7F7-94C4-F53C-FD1B-96C2D9CA8F5E,Polish-style Polka
555,EF6A3856-1F32-37C2-5BB5-CD564AC2CD7B,Polka
556,D3D350E2-0196-DAA5-07B3-4F4A9FD8C29E,Polonaise
557,B8FA0BC0-8C42-8306-06B2-FEDCF8DF160A,Polynesian
558,7B32BD66-5487-3EC8-98A6-E175B9FDC3AF,Pop
559,4608E146-BA54-152F-B0B8-1ED53BB9F6C0,Pop Ballad
560,A35D7692-5DDE-F088-C5DF-AD9C563604C5,Pop Punk
561,641F6C34-30A2-EB7D-90F6-C22F3C5629FD,Pop Rock
562,DEBD080D-3FAB-5ED3-358A-31F8B417DF13,Portuguese music
563,92CE55F1-994D-7BE1-BC5B-9D492488BB20,Post-bop
564,1EE54726-90D0-49D6-584E-F2F614A903EA,Post-Britpop
565,54BAF6F1-86F4-813D-4A36-0121A416E301,Post-Disco
566,11E13922-C1E5-B2CE-AF3C-0F0FE7CD9F92,Post-Grunge
567,19D1840B-6BB9-8883-83C3-24CC4D802A1E,Post-hardcore
568,F2DB2D04-B756-B7F7-9F64-6A42E0D471D4,Post-industrial
569,7F34F29E-1A19-B9F2-DB49-866FFC6F2C88,Post-Punk
570,AD11315D-7C8F-8BA2-EB4F-7706DCCEE9B1,Post-Punk Revival
571,009EF354-8CA5-DE78-159E-08364E90825B,Post-Rock
572,831AA675-1BCC-64FC-3148-0ABD7AC71582,Post-romanticism
573,55659AF8-45FB-0616-823C-0739DDE4423D,Post-trip-hop
574,DF23757C-62B7-F1A1-9D36-7C8691EA53B1,Power Ballad
575,25C56BB7-BF35-4F81-7E57-F7682C649FFF,Power Metal
576,47941975-98B7-D62D-AD8A-DAACACCF5C78,Power Pop
577,E75A58E3-6742-7AEA-FB4B-6BE9F760E25B,Powerviolence
578,A66233FB-33AD-CD21-4946-CE928E084F7D,Progressive country
579,957DE44A-1041-80D2-6ED9-F51918D1371A,Progressive Folk
580,7C73C526-A937-0121-3D37-CF7AA34D404C,Progressive Metal
581,F7B84930-4D5E-5E06-C1A7-64D406CFB2C3,Progressive Rock
582,D9B159C8-B214-3E67-11F3-1AB4E3F6C708,Protopunk
583,DC8681EC-F86B-5956-5B9A-DEBB7BA8EB5C,Psychedelic
584,8523A123-29DE-CBB6-4900-C1AF72A28835,Psychedelic Folk
585,58AED9E5-7BFC-2901-D1F2-D7B030F30EA9,Psychedelic Pop
586,97596793-40E8-C320-F7BD-33EC816C9912,Psychedelic Rock
587,561BEB90-9966-91DB-4E60-F69A167D625E,Psychedelic Soul
588,6265705F-5BF9-7227-E325-BBF3AA668B6E,Psychedelic trance
589,8F4890A1-6748-A3CA-7A92-22E6A57936DB,Psychobilly
590,9520206F-3321-0AA9-3696-2C8355B56131,Psytrance
591,E110EBF9-17BE-C83A-D1B0-9601DF58C978,Pub Rock
592,71EF33CA-797D-8856-109C-385DDC995873,Punjabi folk
593,C293FE62-161F-6080-23E1-6CB0AA51E240,Punk Blues
594,F20ED1DE-9738-54C4-55CE-EC4C5F02CB31,Punk Polka
595,1C68A6E3-F3FF-55B5-1139-CD4CC40C8E42,Punk Rock
596,6DF147C9-E35C-F6F4-781F-0AEFE355A2C7,Punk Rock
597,13074677-E6D9-CD2E-D3B0-55B133507B04,Qinqiang
598,AC069F65-28EE-8CB8-A61A-3F11681C97F6,Quiet Storm
599,61B22DE5-714C-B011-6591-D4CB0A3F9AC2,R&#333;kyoku
600,9DDF09F3-33F5-14F1-5EB2-95F24A844677,"Raga (r&#257;ga, &#2352;&#2366;&#2327;)"
601,714E2616-7D40-C37C-A258-89BB490F6FA8,Raga rock
602,EAC853E9-1053-C299-EA16-14E9DB1E90E4,Ragga
603,CE2442F1-5571-E469-0159-C133195D88B0,Ragtime
604,D8D2A42A-F40C-887E-124C-C5F3414E3919,Rap Metal
605,766BD7A2-75AF-5382-458B-5CAD6FF6EB6C,Rap Rock
606,2695130E-7F03-5187-A9FF-A9A7210D6F2E,Rapcore
607,C72F5AF3-7148-13E3-913B-E5A9ABA0F5EF,Rautalanka
608,93238238-69E7-F7E6-1196-2472EBAE7098,Rave
609,9A822283-3A27-1A97-4033-0AAAF77E9F9E,Rebetiko
610,76C29AEB-862F-9001-C19F-6008273CDAF8,Reggae
611,7551776D-06E7-93C2-EA31-C3E4068B6F23,Renaissance
612,34CEDF1F-4263-6539-7040-4A258D1EAAFD,Rh
613,9CD8D17F-C753-7D24-21FB-26F62F3EB914,Rhy
614,14091F8E-59FD-4AA6-C083-F862653C2191,Rhythm and Blues
615,C53A7784-74A6-9AEF-65D0-8FE98688773D,Riot grrrl
616,22AA9D95-12FA-7A48-E20B-C914C6F7442E,Rock
617,6A4C6FEC-1E56-66FC-5F05-92179F56EB60,Rock and Roll
618,C10ACE22-448D-C697-7BD2-53A883C62405,Rock Ballad
619,745A2240-DA73-C5BC-827B-9631AC8CE621,Rock en Espa&#241;ol
620,2A4F4543-16C6-F8B9-8A43-A0ABD08CDAEF,Rock in Opposition
621,ECD7B96C-87C4-3F53-09ED-F576B56E5799,Rockabilly
622,A8A396EF-AA1B-6A15-1EA0-0741ECBB2EB7,Rocksteady
623,A60A6F34-9D71-CE6C-4C90-4BC36F1A80F4,Roman comedies
624,05164ED4-83A3-AC6B-C612-9326F3CD2371,Romani
625,4104408E-0501-98EA-A453-60DE66061396,Romanian folk
626,8780610D-535B-6BC5-E97A-6CD3EFC8EB96,Romantic
627,EA577522-A37F-6C01-DA14-C2E4679DAF9E,Roots reggae
628,65B9E7E0-5AF6-3E14-C995-508D78307803,Roots Rock
629,00626401-11B8-9D94-CEFC-88226AD4D71F,Roots rock reggae
630,E555B89F-E207-0B98-DCA7-AB0B9CEE0F39,Rumba
631,ED847464-750F-9AFA-9C0A-4CD0693292E6,Ry&#363;k&#333;ka
632,BFC8041C-CBD2-001A-B7B5-B59BD4A14549,Sacred Harp
633,16F0E714-6C3E-8216-8F1D-A4CFA19353B4,Saibara
634,DC9745EB-94C7-DC90-1F1F-93AD876E4BBF,Salon music
635,3C228FED-6B43-7ABC-CFF2-930933FC2599,Salsa
636,6135D05E-A532-6FE9-BC2A-49516ADC44A8,Salsa rom&#225;ntica (Salsa Dura)
637,7409C840-5C2F-CF79-F1DB-8636AA17D2BF,Samba
638,D8394F5D-D5C0-5ACF-9FC1-89FDA74D7468,Samba Reggae
639,27ADA613-B546-039C-FA09-5E1AB38FD93A,Scat singing
640,47B6606D-73D1-41CF-39AB-2FC021D47A8E,Schlager
641,9CED9002-B5DD-C2E3-2A47-B90FB5D15A46,Schottische
642,7D7C6AF6-8ADB-D36A-F97C-326E72D0C74C,Scottish Folk
643,F9518B18-0843-6FA6-CF5D-F20EC1B02ADF,Screamo
644,3AE6BFFB-F42C-2008-858D-FE0CFF49E205,Semba
645,CE31913B-7400-7586-30A4-20AC3107E06C,Serialism
646,19C809EB-78F9-C50C-1EAB-EDB1CCD76DAA,Sh&#257;striya Sang&#299;t (Hindustani Classical)
647,B21E2F13-8906-895E-F651-1FF0137E0DFB,Sham Chaurasia gharana
648,84582E17-78AC-5C13-1230-5D4171105841,Shamisen
649,C4FBA9B3-8561-D6EA-A380-A1FBC72A29B3,Shan&apos;ge
650,BEABDAE5-E292-7049-68B3-FFBC7E5CC7A4,Shan&apos;qu
651,4CDCD75B-C26C-5B5B-3F26-3E30AE497B50,Shanson (Russian Chanson)
652,850C9305-EEB3-456F-C4D1-C4886AC95F1C,Shape Note Singing
653,C5C9AF6D-0BEB-D8AD-098A-4E1A5D974390,Shibuya-Kei
654,08C4D07D-3A86-6FA6-3B34-5A2D2CECF350,Shidaiqu
655,43CE3A5A-EBAD-F2F6-B0FC-DE59837685E7,Shock Rock
656,363B34D2-11A4-EE52-1FE9-F77EFC3A0841,Shoegaze
657,17388202-B6D0-6506-9993-A6DE1D82E3EF,Shuochang
658,0ED8D905-1D53-BB98-84A6-68094FBDBFCB,Sichuanese opera
659,5BED69D2-27FA-2BA5-7946-A878DEC77DE8,Singkil
660,66886097-ED25-3484-1BCF-D80CAFEFAC10,Ska
661,E63F4AF6-F4EC-0D2E-A6C1-37D4EAC126DB,Skate Punk
662,D7730140-32D6-B00E-65FC-8A065862D29F,Skiffle
663,D8BF210F-447B-9D69-A114-5927202C5DF6,Skweee
664,BB5C6725-339F-3B0F-2D9A-8D7641CEF6E4,Slovenian-style polka
665,90DFD9B2-60EB-D64F-9B17-E1D926E53CA6,Sludge metal
666,55E34456-2E11-E073-24B6-CFD91650CC4E,Smooth Jazz
667,2C1DFF41-C26F-D759-B380-2C2F12BB72DA,Smooth Soul
668,69207D6A-5485-2966-4DA4-CC205593DE20,Snap
669,1E8C4F23-A404-A9A7-164F-C40BE20670E9,Snap&amp;B
670,8604092E-6992-2FED-A19D-48A1029A72E0,Soca
671,B349B93C-29E0-8A6F-D8B1-95111C770E55,Soft Rock
672,059A19A2-ABC6-D3A0-8A3F-EF88735AB68A,Son cubano
673,BC33D84E-E5E7-D1B0-9D5D-BB5ED9D25F28,Son montuno
674,C31E2456-DC84-FAFC-A86D-47DE10C744C4,"Soukous (African rumba, Congo, Lingala)"
675,6AEDDD1F-EB38-2CC5-8E76-486B2ED567C3,Soul
676,ADB3D187-2E84-B898-1442-20B472CA2555,Soul
677,C84610D6-D98A-0B9F-8F5C-1C6EB4F1CD07,Soul
678,39BD6874-7BB5-3554-4A04-8D6E129066AB,Soul
679,38EAC257-167F-7CBA-E31D-5E8382B44101,Soul blues
680,3B7378FC-136A-22BA-C4F6-AB40D188B222,Soul jazz
681,17F52B99-B3D8-A139-1D02-93F3FBA8E865,Southern Gospel
682,AAF937F3-B8AF-9AFC-0C5A-6F52B02E1BEC,Southern hip hop
683,86878EFD-C898-2BCC-4D26-8A23202C5929,Southern Rock
684,2643F8E5-BB62-9E33-AA7C-8DB7AF37097E,Southern Sludge
685,A20DE8AD-9710-7639-0831-31E870882198,Southern Soul
686,C7AD1263-2179-2E88-5A94-469F6C9DB053,Space Age
687,87B0A966-8726-1CC8-F364-0475A1EE14E2,Space disco
688,C14586CF-A72F-7E74-0280-236154CA0266,Space Music
689,5F553CA0-DEB9-CFF7-C8ED-F257CD068FA8,Space Rock
690,132514A0-A1BD-70CD-E4A7-AD7C3889AC41,Space-age pop
691,EDCF42D8-4217-F264-87A2-D5CD66D1D95D,Spanish colonization
692,4AE2D454-D275-75C0-D417-45C5DDED5B4F,Speed Metal
693,9F9BA5EC-B686-22A4-E179-160953E9C900,Spirituals
694,0ABF5497-1932-0141-CFD4-86D262578CD8,Spoken word poetry
695,EC0E4E9E-D0AB-0AF2-2086-86F26708CC15,Stoner doom
696,7A0011F8-FF17-49C7-7872-96C18B6FE2F1,Stoner Rock (metal)
697,9A1C4148-5D14-58B1-4DAD-F445AC59C00E,Stoner sludge
698,AAD7BC3E-95C1-2F25-1BA4-6148DEDE172B,Street Punk
699,858FD615-06F0-40C4-EC7B-55A7122A2E8F,Sublow
700,57E53F72-796C-28F5-4EDD-7B3DFE4D7ADD,Sunshine pop
701,6191BBFB-DB65-C725-E8D5-A049EB35B49D,Surf
702,BEFA4D12-8523-25AD-1412-A8D9A3AF2229,Surf pop
703,C660A1A5-62DF-3C58-8225-437F7D5D2851,Surf Rock
704,19F83588-681F-617C-EDD3-A9206CC9647F,Surrealist music
705,8FAC7045-9818-9653-AEAA-40C5198B32FA,Swamp Blues
706,DA9200F0-3FA6-B65B-B23E-6EC85CB724E8,Swamp pop
707,6EA08316-38BC-767F-0961-D0D2FDB1FF9C,Swamp Rock
708,04D6AFE4-B242-A933-60BA-C3725E298F21,Swing
709,47D97DF7-AE29-DFEF-EA92-E821ED0201B6,Symphonic black metal
710,374D1DE8-DFF9-9755-21EA-5C17DD885677,Symphonic Metal
711,6C27C3F5-F107-02DA-9B9B-011326C64FD6,Symphonic rock
712,6B837934-0D10-5C74-A48F-80EEB697731C,Synthpop
713,90E7549A-74C4-35BA-BB1A-968396056131,Synthpunk
714,C6777652-FF6E-ED81-BD75-69BE5E667031,Taglish
715,942ED20F-82FA-F738-87A9-3032511737B2,Tagonggo
716,C9711AD3-CC15-3348-8933-D0BE2088C56D,Talking blues
717,AF775740-D039-32FC-334B-070CD7091B36,Tango
718,5C77C893-86C0-F746-8E56-8C57C325E76D,Tech House
719,D0FC76B4-9C9D-4794-27AF-56D61D34D0A5,Tech noir
720,9FA2E479-82B8-4557-41CE-B36011172C1A,Tech Trance
721,3EAF4FD2-CB3E-7686-220B-0D61A31EADF0,Techno
722,373907F2-F519-C184-9507-C7DD1DBC9A72,Techstep
723,025DB891-E58B-976B-C532-57ED276F7467,Teen pop
724,BF3FD012-28E0-10A9-FE7B-12129C2527CC,Teutonic thrash metal
725,7848281D-90AB-658F-1E03-F4EC57FE5F4C,Thrash Metal
726,63ECF48B-5AEB-75ED-F32B-A1BCC15ED7EA,Thrashcore
727,999DE5B8-6FE8-F285-15A3-E64E0C64FEFE,Tin Pan Alley
728,93B0FF9B-A484-D01F-6C72-02BD3ACC66A2,Tinikling
729,32B240DD-9806-4C4E-E094-1668C35EB231,Tone poems
730,086B7408-4D1B-4A63-EF26-01CE518EA44D,Tradicional tres
731,88902158-230B-77A1-1CC8-EF71602A9078,Traditional bluegrass
732,ABEA9C7B-030A-E9F8-9744-AC347F44A2E5,Traditional doom
733,2583F96C-8FA6-363E-4ED1-A36016634192,Traditional pop
734,AC42F0EC-3110-6451-F1CC-D6EE5101A61B,Trance
735,B3545D2E-E2AC-2E75-4FAE-0CFF9C04B461,Tribal Rhythms
736,4B25E170-96B8-3BEF-7C0A-03986E623D42,Trip hop
737,811C5C32-B66B-D119-111E-F2E56C9E0D0F,Tropipop
738,FE3875C0-73E7-33ED-63F6-C776192E891F,Tsugaru-jamisen
739,40466097-9A94-4C3E-272B-72F77BE79F1B,Tulsa Sound
740,AD928E6C-B6E3-066A-CC9B-836BEB29332F,Turkish folk
741,2676F03F-FD7E-459E-AD84-304BF7992A33,Twee pop
742,0A5D375B-EEB3-2AE3-A35F-F149186DF5D9,Twelve-Bar Blues
743,4D5EB303-A93A-3481-0C7F-01789CD14572,UK 82
744,1CD5FF28-8AC3-806A-DB99-1FA54078265C,UK Garage
745,95235DF1-4CEF-5F8E-672D-0236C518F680,Ukranian folk
746,9416F864-6CF5-CB79-5992-AE53AFEDBC84,Vallenato
747,3C4EB72F-C719-460E-A6DD-53EBE565CAB4,Vaudeville
748,61BD0445-3748-DBF4-0901-CA83411BF530,Vedic Ritual Chants
749,6D73B542-FB10-146C-A4FC-4C01CADB7AD5,Verdi
750,A9AB25D5-3079-0EEA-A449-D42787C40FF7,Verismo
751,8703AD2B-1BE6-5B85-8905-18FFB02F39F7,Viking metal
752,34AA94A7-E05E-A617-E8E2-EDCF18CDAC23,Volksmusik
753,16C5B88E-77D7-7850-9CD5-AB5E23F0C6BE,Volkst&#252;mliche Musik
754,CBF93A47-0F2C-A389-7A80-20EA84825690,Waltz
755,D86E8C74-1AC9-2060-C19E-00215B4BE4AB,Wassailing
756,5CBC0950-2FEE-059E-1A82-805120E44564,Welsh Folk
757,B52C6B6F-13A9-BDC1-A619-037997778DB5,Wes
758,5258B18E-4F6B-3D55-7D9E-F30932E62234,Western Classical
759,DC5D79EF-A777-C09B-EB6E-A19CEE0B1F7A,Western Classical
760,7F71295C-1E51-3FE0-CFA3-44DF171C6465,Western music
761,A9E4D180-83CA-7E6B-3603-D247C1AA1CC7,Western Swing
762,503E7AD7-C636-961B-ED82-533700865C12,"Wonky (street bass, aquacrunk, purple sound)"
763,253E0E1A-CC2E-B164-C166-882EB514FA1B,Work Songs
764,B926645D-EBB3-003F-9291-737A68A5EBC9,Xingguo
765,D08CAC81-25C6-30CE-C828-767191A72217,Xintianyou
766,DF02AF4D-C0AF-B934-BA72-3DD0A0371B5D,Y&#233;-y&#233;
767,26883580-2AFA-ACAF-11AB-C1C3774280EE,Yodelling
768,2892E2E5-B43C-BC17-EC33-06916AD530A8,Yoruba
769,03C29114-F885-4A5C-9D0C-3DD102D8B9C7,Youth Crew
770,A03136E5-3A1D-A9A6-784A-324E4958ED1E,Youyouzha lullaby
771,A20DE8D6-FC07-CEA1-24B1-4AE275AEDD58,Zeuhl
772,5BB93693-68C1-D478-A2A7-0232358CB6AA,Zhengjinghong
773,29C86FE3-A3F3-91C6-171E-ACA44B810691,Zouk
774,B7B619DD-C1CF-FD42-67DD-2A9AD0A1C289,Zouk R&amp;B
775,B2543399-35B2-68EE-343F-50959FC36B0E,Zydeco